chopsticks,rice,,,,,,,,,,,,,,,,
rice,detergent,cooking oil,,,,,,,,,,,,,,,
tupperware,dishwashing liquid,paper straw,gun lighter,mophead,steel wool,,,,,,,,,,,,
plastic bag,ice bag,toothpick,sauce cup,rice,,,,,,,,,,,,,
rice,paper bag,tissue,disposable gloves,toothpick,trash bag,,,,,,,,,,,,
cooking oil,flour,rice,cling wrap,tissue,tupperware,chicken powder,sauce cup,vinyl gloves,,,,,,,,,
rice,detergent,cooking oil,,,,,,,,,,,,,,,
aluminum foil,bento box,chopsticks,dishwashing liquid,rice,,,,,,,,,,,,,
rice,cooking oil,barbecue stick,,,,,,,,,,,,,,,
cooking oil,detergent,rice,pepper,,,,,,,,,,,,,,
cooking oil,aluminum foil,plastic straw,cling wrap,vinyl gloves,plastic bag,tissue,flour,,,,,,,,,,
bread crumbs,dishwashing liquid,,,,,,,,,,,,,,,,
chopsticks,dishwashing liquid,sponge,mophead,tupperware,oyster sauce,rice,gun lighter,,,,,,,,,,
spoon,cooking oil,,,,,,,,,,,,,,,,
salt,detergent powder,rice,cooking oil,,,,,,,,,,,,,,
cooking oil,rice,,,,,,,,,,,,,,,,
rice,chopsticks,dishwashing liquid,mophead,sponge,trash bag,paper straw,tupperware,,,,,,,,,,
plastic bag,cling wrap,gun lighter,flour,cooking oil,rice flour,,,,,,,,,,,,
rice,flour,,,,,,,,,,,,,,,,
bread crumbs,sponge,,,,,,,,,,,,,,,,
rice,oyster sauce,chopsticks,dishwashing liquid,trash bag,plastic bag,gun lighter,packaging tape,,,,,,,,,,
cooking oil,umbrella stick,flour,,,,,,,,,,,,,,,
rice,cooking oil,detergent,,,,,,,,,,,,,,,
cooking oil,flour,,,,,,,,,,,,,,,,
rice,bag closer,,,,,,,,,,,,,,,,
flour,cooking oil,cling wrap,aluminum foil,tissue,trash bag,sponge,,,,,,,,,,,
rice,chopsticks,dishwashing liquid,trash bag,mophead,ice bag,plastic bag,sauce cup,salad cup,sponge,steel wool,disposable gloves,,,,,,
cooking oil,sponge,steel wool,,,,,,,,,,,,,,,
cooking oil,detergent powder,rice,,,,,,,,,,,,,,,
rice,rice,flour,,msg,,,,,,,,,,,,,
flour,rice,cooking oil,,,,,,,,,,,,,,,
rice,flour,rice wrapper,doormat,,,,,,,,,,,,,,
cooking oil,rice,,,,,,,,,,,,,,,,
cooking oil,rice,spoon,,,,,,,,,,,,,,,
chopsticks,rice,,,,,,,,,,,,,,,,
umbrella stick,flour,cooking oil,,,,,,,,,,,,,,,
detergent,cooking oil,rice,,,,,,,,,,,,,,,
paper bag,plastic bag,,,,,,,,,,,,,,,,
dishwashing liquid,bread crumbs,,,,,,,,,,,,,,,,
rice,cooking oil,mophead,flour,tupperware,plastic bag,tissue,sauce cup,salad cup,sponge,cooking oil,,,,,,,
detergent,pepper,cooking oil,rice,,,,,,,,,,,,,,
rice,flour,,,,,,,,,,,,,,,,
paper bag,cooking oil,,,,,,,,,,,,,,,,
rice,chopsticks,,,,,,,,,,,,,,,,
rice,mophead,sauce cup,gun lighter,paper straw,sponge,steel wool,trash bag,spaghetti box,,,,,,,,,
white sugar,paper plate,coffee sticker,paper cup,,,,,,,,,,,,,,
meal box,fork,spoon,,,,,,,,,,,,,,,
meal box,spoon,fork,,,,,,,,,,,,,,,
meal box,spoon,fork,paper bag,,,,,,,,,,,,,,
meal box,spoon,fork,paper bag,,,,,,,,,,,,,,
meal box,spoon,fork,,,,,,,,,,,,,,,
cooking oil,oyster sauce,vinegar,aluminum foil,chicken powder,,,,,,,,,,,,,
plastic bag,paper cup,,,,,,,,,,,,,,,,
meal box,paper cup,spoon,fork,trash bag,dishwashing liquid,tissue,,,,,,,,,,,
meal box,paper cup,spoon,fork,trash bag,,,,,,,,,,,,,
vinegar,oyster sauce,rice,ketchup,,,,,,,,,,,,,,
oyster sauce,soy sauce,vinegar,,,,,,,,,,,,,,,
vinegar,soy sauce,cooking oil,aluminum foil,,,,,,,,,,,,,,
meal box,chicken powder,fish sauce,,,,,,,,,,,,,,,
paper bag,plastic bag,tupperware,,,,,,,,,,,,,,,
chopsticks,thermal paper,,,,,,,,,,,,,,,,
bento box,sauce cup,,,,,,,,,,,,,,,,
bento box,sauce cup,,,,,,,,,,,,,,,,
plastic bag,tupperware,plastic bag,ziploc,egg,,,,,,,,,,,,,
tupperware,plastic bag,salad cup,,,,,,,,,,,,,,,
tupperware,paper bowl,spaghetti box,,,,,,,,,,,,,,,
meal box,plastic bag,plastic bag,burger box,bleach,tupperware,oyster sauce,,,,,,,,,,,
paper bowl,spaghetti box,sauce cup,paper bag,aluminum foil,,,,,,,,,,,,,
rice,spoon,,,,,,,,,,,,,,,,
tupperware,meal box,spaghetti box,paper bag,detergent powder,bag closer,kitchen towel,,,,,,,,,,,
tupperware,meal box,spaghetti box,chopsticks,,,,,,,,,,,,,,
trash bag,bleach,scotch tape,rice,detergent,tupperware,,,,,,,,,,,,
tupperware,spoon,fork,good morning towel,paper bag,,,,,,,,,,,,,
tupperware,paper bag,broom,alcohol,cooking oil,,,,,,,,,,,,,
dishwashing liquid,bread crumbs,detergent,tupperware,ice candy bag,,,,,,,,,,,,,
egg,tupperware,aluminum foil,,,,,,,,,,,,,,,
cling wrap,push broom,aluminum tray,,,,,,,,,,,,,,,
tupperware,rubber band,spoon,fork,packing tape,salad cup,plastic bag,,,,,,,,,,,
plastic bowl,chopsticks,hairnet,tupperware,,,,,,,,,,,,,,
tupperware,chopsticks,ice candy bag,cane vinegar,bleach,tissue,rice,dishwashing liquid,,,,,,,,,,
tupperware,plastic bag,,,,,,,,,,,,,,,,
egg,doormat,sponge,,,,,,,,,,,,,,,
rice,dishwashing liquid,chopsticks,plastic bag,spaghetti box,,,,,,,,,,,,,
paper bag,toothpick,sauce cup,,,,,,,,,,,,,,,
rice,cooking oil,,,,,,,,,,,,,,,,
spoon,fork,aluminum foil,meal box,scotch tape,towel,sponge,broom,cooking oil,,,,,,,,,
rice,chopsticks,dishwashing liquid,ice bag,plastic bag,,,,,,,,,,,,,
dishwashing liquid,mophead,ice bag,sauce cup,sponge,rice,,,,,,,,,,,,
plastic bag,tupperware,salad cup,sauce cup,sanitizer,,,,,,,,,,,,,
rice,dishwashing liquid,chopsticks,sauce cup,plastic bag,,,,,,,,,,,,,
disposable gloves,sauce cup,dishwashing liquid,mophead,oyster sauce,ice bag,rice,,,,,,,,,,,
cooking oil,chopsticks,ice bag,trash bag,,,,,,,,,,,,,,
bento box,steel brush,tupperware,spoon,cling wrap,ice bag,sauce cup,plastic straw,,,,,,,,,,
tissue,disposable gloves,mophead,,,,,,,,,,,,,,,
bento box,spoon,scotch tape,ice candy bag,sauce cup,,,,,,,,,,,,,
oil pump,tupperware,,,,,,,,,,,,,,,,
cling wrap,msg,egg,trash bag,,,,,,,,,,,,,,
cooking oil,rice,trash bag,flour,,,,,,,,,,,,,,
salad cup,paper bag,sauce cup,,,,,,,,,,,,,,,
aluminum foil,gun lighter,steel wool,sponge,,,,,,,,,,,,,,
paper bag,tupperware,chopsticks,,,,,,,,,,,,,,,
meal box,spaghetti box,,,,,,,,,,,,,,,,
cooking oil,plastic cup,ice bag,detergent,,,,,,,,,,,,,,
ziploc,plastic bag,,,,,,,,,,,,,,,,
egg,paper bag,trash bag,tupperware,salad cup,spoon,fork,chopsticks,,,,,,,,,,
chopsticks,rice,dishwashing liquid,tupperware,sauce cup,bleach,,,,,,,,,,,,
rice,meal box,spaghetti box,aluminum foil,yeast,aluminum tray,,,,,,,,,,,,
tupperware,paper bag,,,,,,,,,,,,,,,,
mophead,spaghetti box,chopsticks,plastic bag,ice bag,rice,trash bag,,,,,,,,,,,
tupperware,paper bag,,,,,,,,,,,,,,,,
spaghetti box,meal box,rice,,,,,,,,,,,,,,,
rice,detergent,cooking oil,spray bottle,gun lighter,dishwashing liquid,,,,,,,,,,,,
tupperware,trash bag,spoon,fork,ice bag,,,,,,,,,,,,,
ice bag,plastic bag,bread crumbs,spoon,fork,steel wool,bag closer,dishwashing liquid,bleach,,,,,,,,,
scotch tape,broom,cooking oil,brown sugar,,,,,,,,,,,,,,
detergent,rice,cooking oil,,,,,,,,,,,,,,,
cooking oil,detergent,bleach,pepper,,,,,,,,,,,,,,
tupperware,sauce cup,,,,,,,,,,,,,,,,
chopsticks,plastic bag,tupperware,cling wrap,salad cup,,,,,,,,,,,,,
meal box,spaghetti box,cooking oil,detergent,ice bag,ice candy bag,,,,,,,,,,,,
chopsticks,tupperware,spoon,fork,steel wool,vinyl gloves,,,,,,,,,,,,
tupperware,cooking oil,detergent,,,,,,,,,,,,,,,
detergent,salad cup,cooking oil,rice,,,,,,,,,,,,,,
spoon,fork,rice,bleach,detergent,salad cup,cooking oil,dishwashing liquid,paper bag,plastic bag,,,,,,,,
cling wrap,aluminum foil,,,,,,,,,,,,,,,,
chopsticks,cling wrap,tupperware,,,,,,,,,,,,,,,
cooking oil,detergent,pepper,,,,,,,,,,,,,,,
tupperware,chopsticks,spoon,fork,trash bag,egg,,,,,,,,,,,,
chopsticks,spoon,fork,,,,,,,,,,,,,,,
cooking oil,detergent,,,,,,,,,,,,,,,,
rice,empty bottle,,,,,,,,,,,,,,,,
chopsticks,spoon,fork,,,,,,,,,,,,,,,
cooking oil,rice,salt,,,,,,,,,,,,,,,
tupperware,face towel,ice bag,plastic bag,chopsticks,cling wrap,trash bag,,,,,,,,,,,
rice,cooking oil,detergent powder,bleach,,,,,,,,,,,,,,
tupperware,trash bag,,,,,,,,,,,,,,,,
sauce cup,hinged cup,msg,bleach,sponge,plastic bag,cling wrap,gun lighter,,,,,,,,,,
rice,cooking oil,detergent powder,bleach,apron,,,,,,,,,,,,,
chopsticks,plastic bag,spoon,trash bag,toothpick,,,,,,,,,,,,,
chopsticks,spoon,fork,aluminum foil,,,,,,,,,,,,,,
plastic bag,trash bag,dishwashing liquid,bread crumbs,detergent powder,spaghetti box,meal box,tupperware,salt,,,,,,,,,
plastic bag,tupperware,dishwashing liquid,,,,,,,,,,,,,,,
cooking oil,bleach,fiber towel,sponge,cling wrap,,,,,,,,,,,,,
chopsticks,cling wrap,trash bag,ice bag,spoon,fork,,,,,,,,,,,,
rice,flour,spaghetti box,chopsticks,dishwashing liquid,,,,,,,,,,,,,
cooking oil,plastic bag,,,,,,,,,,,,,,,,
apron,cooking oil,bleach,detergent,,,,,,,,,,,,,,
tupperware,cling wrap,chopsticks,,,,,,,,,,,,,,,
fork,spoon,tupperware,,,,,,,,,,,,,,,
rice,cooking oil,detergent,apron,,,,,,,,,,,,,,
trash bag,kitchen towel,steel wool,cooking oil,,,,,,,,,,,,,,
plastic bag,spork,,,,,,,,,,,,,,,,
tupperware,paper bag,,,,,,,,,,,,,,,,
chopsticks,plastic bag,trash bag,,,,,,,,,,,,,,,
cooking oil,plastic bag,detergent,,,,,,,,,,,,,,,
tupperware,trash bag,,,,,,,,,,,,,,,,
cling wrap,scotch tape,,,,,,,,,,,,,,,,
chopsticks,cling wrap,plastic bag,spoon,fork,trash bag,,,,,,,,,,,,
cooking oil,toilet brush,pepper,detergent powder,ice bag,,,,,,,,,,,,,
broom,broom and dustpan set,bucket,,,,,,,,,,,,,,,
cooking oil,detergent,bleach,,,,,,,,,,,,,,,
chopsticks,spoon,fork,cling wrap,trash bag,,,,,,,,,,,,,
bleach,dishwashing liquid,bread crumbs,sesame seeds,sauce cup,thermal paper,,,,,,,,,,,,
vinyl gloves,cooking oil,,,,,,,,,,,,,,,,
tupperware,bending straw,plastic bag,trash bag,,,,,,,,,,,,,,
cooking oil,bleach,detergent,,,,,,,,,,,,,,,
meal box,chicken powder,,,,,,,,,,,,,,,,
salt,aluminum foil,,,,,,,,,,,,,,,,
rice,cooking oil,bread crumbs,trash bag,tissue,,,,,,,,,,,,,
flour,tupperware,,,,,,,,,,,,,,,,
cooking oil,rice,bread crumbs,dishwashing liquid,,,,,,,,,,,,,,
cooking oil,flour,cling wrap,,,,,,,,,,,,,,,
cooking oil,bleach,detergent,,,,,,,,,,,,,,,
push broom,tupperware,bending straw,,,,,,,,,,,,,,,
salad cup,cooking oil,pot holder,,,,,,,,,,,,,,,
spoon,fork,,,,,,,,,,,,,,,,
meal box,corrugated cup,ice bag,,,,,,,,,,,,,,,
spaghetti box,tissue,salad cup,paper bag,plastic bag,thermal paper,cooking oil,rice,sesame seeds,broom,,,,,,,,
thermal paper,white sugar,,,,,,,,,,,,,,,,
cooking oil,bleach,tupperware,toilet pump,cooking oil,,,,,,,,,,,,,
rice,empty sack,,,,,,,,,,,,,,,,
bento box,trash bag,tupperware,,,,,,,,,,,,,,,
cane vinegar,dishwashing liquid,spaghetti box,tissue,paper bag,bleach,bag closer,rice,cooking oil,tupperware,,,,,,,,
bread crumbs,pepper,cooking oil,flour,trash bag,,,,,,,,,,,,,
cooking oil,bleach,detergent,,,,,,,,,,,,,,,
plastic bag,ice candy bag,paper bag,tissue,trash bag,pepper,bread crumbs,,,,,,,,,,,
cooking oil,detergent,bleach,ice bag,,,,,,,,,,,,,,
cooking oil,tupperware,sauce cup,salad cup,bleach,chopsticks,face mask,scouring pad,,,,,,,,,,
paper bag,scotch tape,cane vinegar,,,,,,,,,,,,,,,
cooking oil,bleach,detergent,tupperware,,,,,,,,,,,,,,
bento box,tupperware,charcoal,,,,,,,,,,,,,,,
rice,flour,sesame seeds,bread crumbs,bleach,,,,,,,,,,,,,
spaghetti box,styro food pack,dishwashing liquid,bag closer,plastic bag,ice bag,tissue,paper bag,rice,spork,cooking oil,,,,,,,
trash bag,bleach,thermal paper,,,,,,,,,,,,,,,
tupperware,cling wrap,trash bag,chopsticks,spoon,fork,,,,,,,,,,,,
cooking oil,detergent,noodle box,bleach,,,,,,,,,,,,,,
cling wrap,cooking oil,,,,,,,,,,,,,,,,
trash bag,white sugar,scotch tape,,,,,,,,,,,,,,,
rice,cane vinegar,bread crumbs,tissue,sponge,,,,,,,,,,,,,
tupperware,bleach,hinged cup,msg,plastic bag,cooking oil,,,,,,,,,,,,
cooking oil,bleach,tupperware,detergent,,,,,,,,,,,,,,
wax paper,pepper,,,,,,,,,,,,,,,,
trash bag,plastic bag,bento box,rubber band,ballpen,,,,,,,,,,,,,
flour,cling wrap,cooking oil,scotch tape,,,,,,,,,,,,,,
salad cup,dishwashing liquid,spaghetti box,meal box,bleach,paper towel,rice,cooking oil,paper bag,,,,,,,,,
cooking oil,detergent,bleach,,,,,,,,,,,,,,,
cooking oil,tupperware,detergent,bleach,,,,,,,,,,,,,,
cooking oil,scotch tape,vinyl gloves,cling wrap,,,,,,,,,,,,,,
tupperware,spoon,fork,trash bag,,,,,,,,,,,,,,
rice,cooking oil,salad cup,trash bag,dishwashing liquid,bread crumbs,fresh tissue,bag closer,softdrinks straw,,,,,,,,,
bento box,sauce cup,hinged cup,plastic bag,,,,,,,,,,,,,,
salt,rice,,,,,,,,,,,,,,,,
paper bowl,sauce cup,plastic bag,,,,,,,,,,,,,,,
cooking oil,detergent,bleach,pepper,,,,,,,,,,,,,,
disposable gloves,dishwashing liquid,cling wrap,sponge,,,,,,,,,,,,,,
rice,cooking oil,spaghetti box,meal box,dishwashing liquid,cane vinegar,plastic bag,ice candy bag,sesame seeds,trash bag,bread crumbs,tissue,,,,,,
msg,tupperware,gun lighter,plastic bag,,,,,,,,,,,,,,
cooking oil,detergent,,,,,,,,,,,,,,,,
cooking oil,cling wrap,rice,spaghetti box,chopsticks,sauce cup,salad cup,tupperware,white sugar,cooking oil,paper bag,,,,,,,
flour,white sugar,,,,,,,,,,,,,,,,
cooking oil,,,,,,,,,,,,,,,,,
rice,cooking oil,packing tape,spoon,,,,,,,,,,,,,,
paper cup,rice wrapper,,,,,,,,,,,,,,,,
plastic bag,cooking oil,vinegar,detergent,bleach,,,,,,,,,,,,,
rice,bento box,,,,,,,,,,,,,,,,
rice,bleach,trash bag,paper bag,spaghetti box,bread crumbs,cooking oil,,,,,,,,,,,
cling wrap,pepper,,,,,,,,,,,,,,,,
tupperware,spaghetti box,chopsticks,cling wrap,rice,,,,,,,,,,,,,
broom,scrubbing pad,hand brush,white towel,dustpan,bottle spray,,,,,,,,,,,,
dishwashing liquid,fork,spoon,,,,,,,,,,,,,,,
cooking oil,bleach,detergent,,,,,,,,,,,,,,,
detergent,dishwashing liquid,bleach,cooking oil,paper bag,plastic bag,spaghetti box,meal box,rice,sushi tray,sesame seeds,,,,,,,
rice,thermal paper,scotch tape,ice bag,ice candy bag,,,,,,,,,,,,,
bento box,tupperware,plastic bag,vinyl gloves,,,,,,,,,,,,,,
rice,chopsticks,tupperware,,,,,,,,,,,,,,,
rice,salad cup,meal box,paper bag,cooking oil,salad cup,,,,,,,,,,,,
tupperware,bento box,,,,,,,,,,,,,,,,
cling wrap,dishwashing liquid,detergent,bleach,,,,,,,,,,,,,,
tupperware,plastic bag,egg,,,,,,,,,,,,,,,
rice,spoon,fork,tupperware,,,,,,,,,,,,,,
bento box,tupperware,spoon,fork,rubber band,,,,,,,,,,,,,
cooking oil,rice,meal box,paper bag,vinyl gloves,,,,,,,,,,,,,
cooking oil,rice,bread crumbs,plastic bag,toilet cleaner,flour,tupperware,cling wrap,chopsticks,,,,,,,,,
rice,cooking oil,paper bag,dishwashing liquid,meal box,kitchen towel,spaghetti box,detergent,bleach,bread crumbs,cane vinegar,rice,ice bag,plastic bag,,,,
bento box,charcoal,rice,,,,,,,,,,,,,,,
rice,plastic bag,sponge,trash bag,,,,,,,,,,,,,,
flour,rice,oyster sauce,bread crumbs,chopsticks,styro food pack,spaghetti box,tupperware,cooking oil,paper bag,meal box,,,,,,,
white sugar,bleach,rice,cooking oil,scotch tape,bag closer,,,,,,,,,,,,
alcohol,vinyl gloves,dishwashing liquid,tissue,bleach,trash bag,detergent,fabric conditioner,mop,dustpan,cooking oil,broom,egg,,,,,
bento box,tupperware,rice,cooking oil,charcoal,,,,,,,,,,,,,
tupperware,plastic bag,spaghetti box,rice,,,,,,,,,,,,,,
dishwashing liquid,gloves,,,,,,,,,,,,,,,,
tupperware,bento box,sesame seeds,,,,,,,,,,,,,,,
rice,chopsticks,,,,,,,,,,,,,,,,
aluminum tray,tupperware,bento box,rice,chopsticks,,,,,,,,,,,,,
tupperware,trash bag,spaghetti box,chicken box,,,,,,,,,,,,,,
rice,cling wrap,flour,chopsticks,tupperware,lids,toilet cleaner,,,,,,,,,,,
paper bag,disposable gloves,chopsticks,sauce cup,gun lighter,cling wrap,,,,,,,,,,,,
cooking oil,cling wrap,,,,,,,,,,,,,,,,
plastic bag,bleach,paper bag,spaghetti box,rice,bread crumbs,white sugar,,,,,,,,,,,
cooking oil,tupperware,,,,,,,,,,,,,,,,
cooking oil,detergent,bleach,,,,,,,,,,,,,,,
cooking oil,rice,,,,,,,,,,,,,,,,
sesame seeds,sesame seeds,,,,,,,,,,,,,,,,
rice,chopsticks,sesame seeds,dishwashing liquid,pepper,,,,,,,,,,,,,
tupperware,meal box,,,,,,,,,,,,,,,,
rice,tupperware,cooking oil,,,,,,,,,,,,,,,
cane vinegar,cooking oil,sesame seeds,dustpan,,,,,,,,,,,,,,
cooking oil,detergent,,,,,,,,,,,,,,,,
cling wrap,toilet cleaner,chopsticks,burger box,tupperware,rice,flour,bento box,,,,,,,,,,
paper bag,tupperware,,,,,,,,,,,,,,,,
cooking oil,rice,bento box,,,,,,,,,,,,,,,
cooking oil,egg,white sugar,brown sugar,salt,msg,pepper,soy sauce,,,,,,,,,,
cooking oil,bleach,detergent,,,,,,,,,,,,,,,
tupperware,egg,plastic bag,trash bag,,,,,,,,,,,,,,
tupperware,hinged cup,sauce cup,,,,,,,,,,,,,,,
hinged cup,salad bowl,tissue,meal box,fruit tray,spoon,plastic bag,,,,,,,,,,,
flour,msg,chopsticks,white sugar,hinged cup,tupperware,rice,cooking oil,,,,,,,,,,
cling wrap,sponge,vinyl gloves,thermal paper,tupperware,bleach,,,,,,,,,,,,
detergent,bleach,cooking oil,,,,,,,,,,,,,,,
bag closer,wax paper,,,,,,,,,,,,,,,,
cooking oil,rice,bento box,,,,,,,,,,,,,,,
cooking oil,vinyl gloves,egg,wax paper,,,,,,,,,,,,,,
gun lighter,rice,cane vinegar,dishwashing liquid,cooking oil,bread crumbs,spaghetti box,meal box,paper bag,sauce cup,sesame seeds,scotch tape,trash bag,,,,,
trash bag,cooking oil,toothpick,sauce cup,,,,,,,,,,,,,,
rice,cooking oil,,,,,,,,,,,,,,,,
salt,rice,,,,,,,,,,,,,,,,
bread crumbs,rice,chopsticks,flour,toilet cleaner,cling wrap,paper bag,thermal paper,,,,,,,,,,
sesame seeds,pepper,,,,,,,,,,,,,,,,
egg,cling wrap,sesame seeds,oil pump,paper bag,,,,,,,,,,,,,
tissue,steel wool,siomai wrapper,,,,,,,,,,,,,,,
tupperware,sauce cup,vinyl gloves,,,,,,,,,,,,,,,
meal box,paper bowl,tissue,black tray,doormat,,,,,,,,,,,,,
dishwashing liquid,spaghetti box,detergent,cooking oil,tissue,rice,bleach,bread crumbs,,,,,,,,,,
bleach,msg,cooking oil,hinged cup,detergent,,,,,,,,,,,,,
white sugar,flour,cling wrap,rice,chopsticks,spaghetti box,meal box,tupperware,sauce cup,sponge,plastic bag,tape,ice bag,egg,cooking oil,,,
bento box,rice,,,,,,,,,,,,,,,,
broom,scissors,paper bowl,dishwashing liquid,,,,,,,,,,,,,,
rice,cooking oil,tupperware,,,,,,,,,,,,,,,
cooking oil,barbecue stick,chopsticks,,,,,,,,,,,,,,,
egg,towel,trash bag,tupperware,,,,,,,,,,,,,,
cooking oil,rice,,,,,,,,,,,,,,,,
cooking oil,rice,,,,,,,,,,,,,,,,
cooking oil,spoon,,,,,,,,,,,,,,,,
pepper,rice,trash bag,paper bag,plastic bag,,,,,,,,,,,,,
sesame seeds,bento box,,,,,,,,,,,,,,,,
rice,vinyl gloves,,,,,,,,,,,,,,,,
cooking oil,wheat flour,tissue,pepper,salt,,,,,,,,,,,,,
rice,cooking oil,bento box,,,,,,,,,,,,,,,
rice,bento box,,,,,,,,,,,,,,,,
detergent,plastic bag,spaghetti box,rice,,,,,,,,,,,,,,
tupperware,hinged cup,,,,,,,,,,,,,,,,
tissue,plastic bag,mophead,push broom,,,,,,,,,,,,,,
rice,pepper,dishwashing liquid,meal box,spaghetti box,sesame seeds,broom,,,,,,,,,,,
bento box,plastic bag,,,,,,,,,,,,,,,,
chopsticks,cooking oil,rice,egg,,,,,,,,,,,,,,
cooking oil,rice,,,,,,,,,,,,,,,,
bread crumbs,chopsticks,sugar,flour,rice,sesame seeds,paper bag,meal box,,,,,,,,,,
trash bag,tissue,dishwashing liquid,,,,,,,,,,,,,,,
rice,cooking oil,paper bag,,,,,,,,,,,,,,,
rice,egg,tissue,vinyl gloves,,,,,,,,,,,,,,
tupperware,rice,,,,,,,,,,,,,,,,
toothpick,rubber band,,,,,,,,,,,,,,,,
rice,chopsticks,flour,cooking oil,cling wrap,bread crumbs,bento box,plastic bag,ice bag,tupperware,scotch tape,,,,,,,
chopsticks,spoon,fork,pepper,cling wrap,trash bag,,,,,,,,,,,,
rice,cane vinegar,meal box,spaghetti box,plastic bag,detergent,bleach,dishwashing liquid,cooking oil,salad cup,,,,,,,,
sesame seeds,bread crumbs,rice,scotch tape,tissue,ice candy bag,drum,bleach,detergent,cooking oil,toilet cleaner,,,,,,,
cooking oil,white sugar,egg,rice,rice,cling wrap,,,,,,,,,,,,
egg,rice,cooking oil,,,,,,,,,,,,,,,
tissue,spoon,fork,plastic bag,chopsticks,bento box,,,,,,,,,,,,
rice,egg,bento box,,,,,,,,,,,,,,,
tupperware,trash bag,cling wrap,,,,,,,,,,,,,,,
paper bag,plastic bag,,,,,,,,,,,,,,,,
spoon,fork,plastic bag,trash bag,,,,,,,,,,,,,,
bleach,cooking oil,msg,detergent,cooking oil,plastic bag,plastic bag,tupperware,ice bag,push broom,mop body,,,,,,,
vinyl gloves,cling wrap,,,,,,,,,,,,,,,,
rice,paper bag,plastic bag,,,,,,,,,,,,,,,
cling wrap,rice,chopsticks,flour,msg,scotch tape,bread crumbs,tupperware,sauce cup,,,,,,,,,
styro food pack,cane vinegar,spaghetti box,ballpen,plastic bag,bread crumbs,rice,detergent,bleach,pepper,paper bag,cooking oil,,,,,,
cooking oil,plastic cup,,,,,,,,,,,,,,,,
rice,alcohol,detergent,dishwashing liquid,bleach,bento box,plastic bag,,,,,,,,,,,
tupperware,vinyl gloves,,,,,,,,,,,,,,,,
detergent,dishwashing liquid,bleach,tissue,,,,,,,,,,,,,,
rice,tissue,alcohol,detergent,dishwashing liquid,,,,,,,,,,,,,
spaghetti box,tupperware,cane vinegar,rice,dishwashing liquid,detergent powder,cooking oil,plastic bag,sugar,bleach,bread crumbs,sesame seeds,,,,,,
pepper,sesame seeds,party towel,tissue,,,,,,,,,,,,,,
cooking oil,spoon,rice,egg,,,,,,,,,,,,,,
egg,rice,,,,,,,,,,,,,,,,
rice,tissue,plastic bag,,,,,,,,,,,,,,,
spaghetti box,plastic bag,trash bag,,,,,,,,,,,,,,,
tupperware,cooking oil,,,,,,,,,,,,,,,,
spaghetti box,dishwashing liquid,detergent,bleach,cooking oil,scotch tape,,,,,,,,,,,,
spaghetti box,chopsticks,rice,,,,,,,,,,,,,,,
rice,tissue,,,,,,,,,,,,,,,,
rice,cooking oil,spaghetti box,paper bag,cane vinegar,,,,,,,,,,,,,
rice,fork,,,,,,,,,,,,,,,,
cooking oil,egg,,,,,,,,,,,,,,,,
rice,cooking oil,tupperware,dishwashing liquid,detergent,bleach,pepper,bread crumbs,spaghetti box,meal box,cane vinegar,cooking oil,,,,,,
tupperware,vinyl gloves,egg,,,,,,,,,,,,,,,
rice,plastic bag,cooking oil,spaghetti box,steel wool,sponge,,,,,,,,,,,,
bag closer,broom,dustpan,plastic bag,bleach,rice,fly swatter,scotch tape,cooking oil,spaghetti box,,,,,,,,
meal box,salad cup,dishwashing liquid,spaghetti box,white sugar,,,,,,,,,,,,,
spaghetti box,bread crumbs,cooking oil,rice,,,,,,,,,,,,,,
plastic bag,cooking oil,rice,paper bag,spaghetti box,meal box,bread crumbs,bag closer,,,,,,,,,,
alcohol,dishwashing liquid,trash bag,,,,,,,,,,,,,,,
rice,detergent,bleach,,,,,,,,,,,,,,,
rice,spaghetti box,cooking oil,sesame seeds,plastic bag,bread crumbs,pepper,,,,,,,,,,,
rice,brown sugar,sugar,flour,cling wrap,vinyl gloves,detergent,dishwashing liquid,,,,,,,,,,
cooking oil,ice bag,,,,,,,,,,,,,,,,
rice,cooking oil,cane vinegar,spaghetti box,meal box,paper bag,salad cup,plastic bag,ice candy bag,sugar,salt,scotch tape,bread crumbs,,,,,
tissue,plastic bag,spray bottle,rice,sesame seeds,broom,trash bag,bleach,steel wool,sponge,,,,,,,,
pepper,rice,oyster sauce,cling wrap,plastic bag,,,,,,,,,,,,,
cling wrap,dishwashing liquid,detergent,,,,,,,,,,,,,,,
detergent,rice,bleach,,,,,,,,,,,,,,,
broom,dishwashing liquid,,,,,,,,,,,,,,,,
rice,cooking oil,spaghetti box,meal box,paper bag,plastic bag,detergent,dishwashing liquid,bleach,bread crumbs,tissue,tape,,,,,,
rice,tissue,,,,,,,,,,,,,,,,
sesame seeds,ziploc,bento box,hinged cup,sushi tray,,,,,,,,,,,,,
rice,cooking oil,flour,,,,,,,,,,,,,,,
msg,hinged cup,pepper,cannon towel,broom,cooking oil,,,,,,,,,,,,
tupperware,spaghetti box,oyster sauce,,,,,,,,,,,,,,,
cooking oil,sugar,flour,plastic bag,,,,,,,,,,,,,,
cooking oil,chopsticks,paper bag,bending straw,cling wrap,rice,,,,,,,,,,,,
spoon,fork,salad cup,sauce cup,plastic bag,corrugated cup,tupperware,styro food pack,tupperware,dishwashing liquid,,,,,,,,
tupperware,plastic bag,,,,,,,,,,,,,,,,
cooking oil,rice,oyster sauce,brown sugar,white sugar,gun lighter,,,,,,,,,,,,
bento box,spoon,fork,,,,,,,,,,,,,,,
rice,cooking oil,,,,,,,,,,,,,,,,
rice,cooking oil,paper bag,spaghetti box,meal box,dishwashing liquid,detergent,bread crumbs,steel wool,sponge,plastic bag,trash bag,salad cup,scotch tape,,,,
cooking oil,white sugar,salt,flour,salt,,,,,,,,,,,,,
trash bag,cooking oil,cling wrap,,,,,,,,,,,,,,,
rice,chopsticks,,,,,,,,,,,,,,,,
cooking oil,plastic bag,,,,,,,,,,,,,,,,
flour,brown sugar,salt,cooking oil,,,,,,,,,,,,,,
cooking oil,dishwashing liquid,detergent,bleach,cling wrap,trash bag,,,,,,,,,,,,
rice,cooking oil,bag closer,,,,,,,,,,,,,,,
sauce cup,pepper,,,,,,,,,,,,,,,,
sushi tray,cooking oil,rice,,,,,,,,,,,,,,,
rice,chopsticks,flour,spaghetti box,salt,ballpen,,,,,,,,,,,,
rice,msg,rice,salt,,,,,,,,,,,,,,
broom,cooking oil,plastic bag,,,,,,,,,,,,,,,
cooking oil,flour,detergent,dishwashing liquid,bleach,steel wool,oyster sauce,,,,,,,,,,,
spaghetti box,sesame seeds,,,,,,,,,,,,,,,,
dishwashing liquid,detergent,trash bag,cooking oil,flour,bread crumbs,white sugar,,,,,,,,,,,
bento box,pepper,,,,,,,,,,,,,,,,
cooking oil,bento box,,,,,,,,,,,,,,,,
chopsticks,tissue,spork,spoon,,,,,,,,,,,,,,
rice,plastic cup,cooking oil,white sugar,cling wrap,spoon,,,,,,,,,,,,
rice,salt,white sugar,burger box,paper bag,flour,chopsticks,thermal paper,cling wrap,bread crumbs,tissue,pepper,,,,,,
cooking oil,flour,msg,white sugar,dishwashing liquid,detergent,steel wool,sponge,bleach,cling wrap,,,,,,,,
detergent,bleach,,,,,,,,,,,,,,,,
spoon,fork,bento box,pepper,paper bag,,,,,,,,,,,,,
dishwashing liquid,trash bag,bread crumbs,spaghetti box,lunch box,,,,,,,,,,,,,
detergent,bleach,msg,pepper,good morning towel,plastic cup,plastic bag,tupperware,,,,,,,,,,
takeout box,trash bag,,,,,,,,,,,,,,,,
cooking oil,pepper,sugar,rice,,,,,,,,,,,,,,
sauce cup,bento box,,,,,,,,,,,,,,,,
rice,scotch tape,flour,sugar,chopsticks,tupperware,plastic bag,ice bag,lunch box,thermal paper,,,,,,,,
cooking oil,plastic cup,,,,,,,,,,,,,,,,
paper bag,vinyl gloves,,,,,,,,,,,,,,,,
dishwashing liquid,detergent,trash bag,sponge,steel wool,white sugar,salt,flour,pepper,,,,,,,,,
cooking oil,bread crumbs,,,,,,,,,,,,,,,,
bento box,chopsticks,,,,,,,,,,,,,,,,
plastic bag,tupperware,,,,,,,,,,,,,,,,
dishwashing liquid,plastic straw,paper bag,takeout box,,,,,,,,,,,,,,
steel wool,white sugar,brown sugar,msg,dishwashing liquid,cooking oil,,,,,,,,,,,,
rice,cooking oil,bleach,detergent,dishwashing liquid,,,,,,,,,,,,,
cooking oil,barbecue stick,flour,,,,,,,,,,,,,,,
spoon,cling wrap,,,,,,,,,,,,,,,,
rice,white sugar,cooking oil,,,,,,,,,,,,,,,
flour,rice,,,,,,,,,,,,,,,,
cooking oil,white sugar,brown sugar,cling wrap,salt,flour,bread crumbs,trash bag,dishwashing liquid,bleach,,,,,,,,
plastic cup,cooking oil,tupperware,,,,,,,,,,,,,,,
salt,rice,,,,,,,,,,,,,,,,
tupperware,plastic bowl,,,,,,,,,,,,,,,,
rice,cling wrap,chopsticks,bending straw,bread crumbs,flour,sesame seeds,paper bag,thermal paper,cooking oil,,,,,,,,
rice,cooking oil,paper bag,spaghetti box,dishwashing liquid,detergent,bleach,bread crumbs,rice,cane vinegar,sesame seeds,,,,,,,
chopsticks,trash bag,tissue,cling wrap,ecobag,scotch tape,pepper,paper bowl,paper plate,sushi tray,plastic bag,,,,,,,
spaghetti box,styro food pack,trash bag,plastic bag,sushi tray,tupperware,,,,,,,,,,,,
cooking oil,disposable gloves,,,,,,,,,,,,,,,,
bento box,cooking oil,barbecue stick,,,,,,,,,,,,,,,
sesame seeds,rice,white sugar,dishwashing liquid,trash bag,detergent powder,bleach,bread crumbs,spaghetti box,cooking oil,,,,,,,,
chopsticks,tupperware,cling wrap,tissue,,,,,,,,,,,,,,
rice,cooking oil,tissue,kitchen towel,paper bag,,,,,,,,,,,,,
bleach,detergent,dishwashing liquid,,,,,,,,,,,,,,,
tupperware,msg,cooking oil,good morning towel,aluminum foil,bleach,detergent,gun lighter,paper bag,sauce cup,,,,,,,,
rice,cooking oil,spaghetti box,meal box,dishwashing liquid,bleach,bread crumbs,,,,,,,,,,,
trash bag,tissue,cling wrap,,,,,,,,,,,,,,,
paper bowl,sauce cup,plastic bag,tupperware,chopsticks,ice bag,,,,,,,,,,,,
rice,gun lighter,,,,,,,,,,,,,,,,
cooking oil,hand soap,,,,,,,,,,,,,,,,
sesame seeds,ice candy bag,,,,,,,,,,,,,,,,
rice,chopsticks,msg,flour,,,,,,,,,,,,,,
tupperware,paper bowl,,,,,,,,,,,,,,,,
rice,plastic bag,,,,,,,,,,,,,,,,
bento box,tupperware,chopsticks,,,,,,,,,,,,,,,
tupperware,chopsticks,sauce cup,salad cup,paper bowl,paper bag,plastic bag,mophead,dishwashing liquid,,,,,,,,,
rice,cooking oil,white sugar,bag closer,dishwashing liquid,detergent,bleach,sesame seeds,,,,,,,,,,
cling wrap,sesame seeds,flour,,,,,,,,,,,,,,,
rice,alcohol,bleach,detergent,dishwashing liquid,handwash,,,,,,,,,,,,
tupperware,bento box,,,,,,,,,,,,,,,,
spaghetti box,rice,plastic bag,paper bag,cooking oil,kitchen towel,drum,,,,,,,,,,,
rice,cling wrap,chopsticks,paper bag,thermal paper,sponge,,,,,,,,,,,,
rice,cooking oil,tissue,,,,,,,,,,,,,,,
cooking oil,rice,chopsticks,sushi tray,,,,,,,,,,,,,,
cooking oil,salt,,,,,,,,,,,,,,,,
rice,cooking oil,spaghetti box,dishwashing liquid,detergent,bleach,kitchen towel,,,,,,,,,,,
rice,chopsticks,cling wrap,flour,white sugar,thermal paper,scotch tape,sponge,bending straw,,,,,,,,,
cooking oil,mophead,chopsticks,steel wool,scrubbing pad,tupperware,sauce cup,plastic bag,,,,,,,,,,
rice,cooking oil,white sugar,meal box,spaghetti box,bread crumbs,sesame seeds,detergent,dishwashing liquid,paper bag,,,,,,,,
bleach,msg,detergent,gun lighter,rice,tupperware,white towel,,,,,,,,,,,
rice,alcohol,bleach,detergent,dishwashing liquid,hand soap,flour,,,,,,,,,,,
broom,sauce cup,plastic bag,tupperware,,,,,,,,,,,,,,
tupperware,chopsticks,,,,,,,,,,,,,,,,
rice,cooking oil,spaghetti box,meal box,dishwashing liquid,bleach,trash bag,detergent,plastic bag,scotch tape,,,,,,,,
rice,styro food pack,spaghetti box,white sugar,bread crumbs,plastic bag,ice bag,sesame seeds,bleach,dishwashing liquid,detergent,rice,pepper,,,,,
rice,cooking oil,paper bag,spaghetti box,detergent,bleach,sponge,,,,,,,,,,,
dishwashing liquid,bleach,alcohol,handwash,detergent,,,,,,,,,,,,,
rice,cooking oil,dishwashing liquid,plastic bag,gun lighter,trash bag,bag closer,disposable gloves,drum,sugar,,,,,,,,
bento box,sauce cup,mop handle,mophead,,,,,,,,,,,,,,
rice,cling wrap,chopsticks,thermal paper,flour,bending straw,ballpen,plastic bag,sponge,egg,,,,,,,,
paper bag,tupperware,tape,,,,,,,,,,,,,,,
cooking oil,bleach,msg,bread crumbs,detergent,sauce cup,tupperware,,,,,,,,,,,
rice,cooking oil,styro food pack,spaghetti box,plastic bag,,,,,,,,,,,,,
rice,cooking oil,,,,,,,,,,,,,,,,
cling wrap,dishwashing liquid,sponge,,,,,,,,,,,,,,,
tupperware,spaghetti box,drinking straw,chopsticks,spoon,fork,,,,,,,,,,,,
cooking oil,alcohol,,,,,,,,,,,,,,,,
white sugar,cooking oil,detergent,bleach,styro food pack,scotch tape,trash bag,,,,,,,,,,,
rice,cooking oil,plastic bag,bleach,spaghetti box,,,,,,,,,,,,,
rice,dishwashing liquid,all purpose cleaner,detergent,,,,,,,,,,,,,,
detergent,dishwashing liquid,,,,,,,,,,,,,,,,
bleach,cooking oil,msg,bread crumbs,pepper,sauce cup,tupperware,,,,,,,,,,,
cooking oil,rice,dishwashing liquid,detergent,wax paper,paper bag,sugar,spaghetti box,plastic bag,,,,,,,,,
cooking oil,wax paper,spaghetti box,paper bag,scotch tape,thermal paper,broom,sponge,dustpan,crystal cup,sauce cup,salad cup,spoon,fork,dishwashing liquid,detergent,bleach,trash bin
bucket,trash bin,trash bag,vinyl gloves,,,,,,,,,,,,,,
aluminum foil,cooking oil,spaghetti box,meal box,alcohol,,,,,,,,,,,,,
dishwashing liquid,bleach,detergent,all purpose cleaner,cooking oil,,,,,,,,,,,,,
rice,cooking oil,spaghetti box,bread crumbs,sesame seeds,,,,,,,,,,,,,
tupperware,lomi noodles,,,,,,,,,,,,,,,,
tupperware,sauce cup,bleach,towel,,,,,,,,,,,,,,
cooking oil,plastic bag,sugar,rice,dishwashing liquid,bleach,trash bag,ice bag,tissue,paper plate,,,,,,,,
cling wrap,paper bag,tupperware,,,,,,,,,,,,,,,
meal box,spaghetti box,plastic cup,,,,,,,,,,,,,,,
dishwashing liquid,bleach,detergent,rice,,,,,,,,,,,,,,
spoon,fork,sesame seeds,bento box,,,,,,,,,,,,,,
rice,cooking oil,spaghetti box,meal box,ice candy bag,sesame seeds,plastic bag,dishwashing liquid,bleach,trash bag,sushi tray,plastic cup,scotch tape,,,,,
paper bag,plastic bag,scotch tape,,,,,,,,,,,,,,,
white sugar,bag closer,tissue,rice,,,,,,,,,,,,,,
rice,cooking oil,spaghetti box,dishwashing liquid,detergent,bread crumbs,bleach,alcohol,,,,,,,,,,
msg,bleach,pepper,cooking oil,plastic bag,tupperware,mophead,detergent,,,,,,,,,,
aluminum foil,cooking oil,,,,,,,,,,,,,,,,
rice,dishwashing liquid,trash bag,cooking oil,plastic cup,charcoal,,,,,,,,,,,,
rice,spoon,,,,,,,,,,,,,,,,
vinyl gloves,dishwashing liquid,egg,,,,,,,,,,,,,,,
rice,bleach,detergent,all purpose cleaner,sugar,cooking oil,dishwashing liquid,,,,,,,,,,,
brush,fly swatter,skewer,fork,,,,,,,,,,,,,,
plastic cup,sesame seeds,plastic bag,rice,cooking oil,detergent,bleach,dipper,bucket,trash bag,broom,dishwashing liquid,,,,,,
charcoal,spoon,,,,,,,,,,,,,,,,
rice,cooking oil,meal box,spaghetti box,plastic bag,paper bag,white sugar,flour,tissue,,,,,,,,,
tupperware,sushi tray,sauce cup,corrugated cup,,,,,,,,,,,,,,
cooking oil,dishwashing liquid,detergent,bleach,plastic bag,scotch tape,sesame seeds,bread crumbs,,,,,,,,,,
white sugar,rice,detergent,bleach,dishwashing liquid,handwash,,,,,,,,,,,,
msg,cooking oil,aluminum foil,detergent,sponge,good morning towel,bread crumbs,plastic bag,push broom,,,,,,,,,
rice,cooking oil,chopsticks,white sugar,flour,meal box,brown box,thermal paper,msg,salt,cooking oil,egg,,,,,,
rice,sesame seeds,oyster sauce,ketchup,,,,,,,,,,,,,,
cling wrap,tupperware,,,,,,,,,,,,,,,,
rice,cooking oil,spaghetti box,dishwashing liquid,bleach,detergent,sesame seeds,,,,,,,,,,,
white sugar,cooking oil,rice,bag closer,spaghetti box,meal box,plastic bag,bread crumbs,detergent,bleach,,,,,,,,
white sugar,detergent,bleach,dishwashing liquid,,,,,,,,,,,,,,
cling wrap,thermal paper,rice,egg,sponge,meal box,chopsticks,flour,plastic bag,bread crumbs,,,,,,,,
rice,cooking oil,plastic bag,aluminum foil,salad cup,,,,,,,,,,,,,
chopsticks,plastic bowl,cling wrap,paper bag,kraft bowl,rice,,,,,,,,,,,,
rice,spaghetti box,tissue,detergent,bleach,scotch tape,,,,,,,,,,,,
dishwashing liquid,bleach,detergent,white sugar,,,,,,,,,,,,,,
rice,cooking oil,bread crumbs,dishwashing liquid,plastic bag,,,,,,,,,,,,,
alcohol,cooking oil,coffee cup,,,,,,,,,,,,,,,
butane,cooking oil,bento box,,,,,,,,,,,,,,,
rice,oyster sauce,cooking oil,,,,,,,,,,,,,,,
spoon,oyster sauce,paper cup,,,,,,,,,,,,,,,
fork,plastic bag,chicken powder,,,,,,,,,,,,,,,
rice,paper bag,spaghetti box,,,,,,,,,,,,,,,
cooking oil,gun lighter,,,,,,,,,,,,,,,,
spoon,fork,paper straw,,,,,,,,,,,,,,,
tupperware,chopsticks,bento box,burger box,flame gun,sauce cup,plastic bag,meal box,plastic bag,,,,,,,,,
sesame seeds,soy sauce,pepper,,,,,,,,,,,,,,,
flour,tupperware,trash bag,chopsticks,,,,,,,,,,,,,,
plastic cup,clam shell,sauce cup,,,,,,,,,,,,,,,
styro food pack,spaghetti box,rice,cooking oil,sesame seeds,dishwashing liquid,detergent,bleach,scissors,plastic bag,cutter,scotch tape,,,,,,
rice,barbecue stick,,,,,,,,,,,,,,,,
cooking oil,alcohol,,,,,,,,,,,,,,,,
bread crumbs,rice,,,,,,,,,,,,,,,,
rice,cling wrap,chopsticks,thermal paper,flour,bread crumbs,white sugar,,,,,,,,,,,
oyster sauce,aluminum foil,detergent,plastic bag,bleach,sauce cup,tupperware,good morning towel,msg,cooking oil,,,,,,,,
fork,spoon,,,,,,,,,,,,,,,,
rice,cooking oil,margarine,oyster sauce,,,,,,,,,,,,,,
bento box,cooking oil,,,,,,,,,,,,,,,,
rice,white sugar,detergent,dishwashing liquid,bleach,,,,,,,,,,,,,
rice,ice bag,bento box,pepper powder,sponge,chicken powder,,,,,,,,,,,,
oyster sauce,vinegar,soy sauce,,,,,,,,,,,,,,,
vinegar,soy sauce,fish sauce,msg,,,,,,,,,,,,,,
plastic bag,rice,trash bag,,,,,,,,,,,,,,,
cooking oil,alcohol,,,,,,,,,,,,,,,,
cooking oil,trash bag,plastic bag,,,,,,,,,,,,,,,
spaghetti box,styro food pack,bread crumbs,sugar,detergent powder,dishwashing liquid,bleach,ice candy bag,salad cup,paper bag,trash bag,cooking oil,bag closer,,,,,
ziploc,pepper,,,,,,,,,,,,,,,,
rice,oyster sauce,cooking oil,chicken powder,soy sauce,margarine,,,,,,,,,,,,
rice,bread crumbs,,,,,,,,,,,,,,,,
cling wrap,cooking oil,rice,chopsticks,cooking oil,,,,,,,,,,,,,
spaghetti box,rice,cooking oil,,,,,,,,,,,,,,,
pepper,chopsticks,,,,,,,,,,,,,,,,
white sugar,detergent,bleach,dishwashing liquid,,,,,,,,,,,,,,
cling wrap,cooking oil,plastic bag,,,,,,,,,,,,,,,
spoon,paper straw,cling wrap,,,,,,,,,,,,,,,
rice,cooking oil,oyster sauce,sauce cup,,,,,,,,,,,,,,
alcohol,cooking oil,,,,,,,,,,,,,,,,
white sugar,sauce cup,scotch tape,spaghetti box,cooking oil,bread crumbs,detergent,dishwashing liquid,bleach,,,,,,,,,
meal box,face mask,,,,,,,,,,,,,,,,
rice,flour,,,,,,,,,,,,,,,,
rice,cling wrap,steel wool,rice,face mask,plastic bag,,,,,,,,,,,,
cooking oil,alcohol,,,,,,,,,,,,,,,,
oyster sauce,cooking oil,chicken powder,rice,aluminum foil,,,,,,,,,,,,,
plastic bag,tissue,spaghetti box,cooking oil,scotch tape,,,,,,,,,,,,,
cooking oil,rice,bread crumbs,,,,,,,,,,,,,,,
paper bag,vinyl gloves,cling wrap,,,,,,,,,,,,,,,
rice,white sugar,,,,,,,,,,,,,,,,
tupperware,bento box,sauce cup,,,,,,,,,,,,,,,
rice,cooking oil,margarine,oyster sauce,chicken powder,soy sauce,,,,,,,,,,,,
cooking oil,alcohol,,,,,,,,,,,,,,,,
flame gun,butane,chopsticks,fly swatter,fiber towel,,,,,,,,,,,,,
spaghetti box,styro food pack,burger box,cling wrap,rice,chopsticks,bread crumbs,sponge,tupperware,,,,,,,,,
tupperware,aluminum foil,plastic bag,trash bag,chopsticks,pepper,egg,,,,,,,,,,,
styro food pack,spaghetti box,rice,sesame seeds,sesame seeds,plastic bag,cooking oil,dishwashing liquid,detergent,scotch tape,meal box,,,,,,,
dishwashing liquid,bleach,white sugar,rice,cooking oil,,,,,,,,,,,,,
rice,craft bowl,paper bag,separator,,,,,,,,,,,,,,
tissue,bleach,dishwashing liquid,,,,,,,,,,,,,,,
cooking oil,sesame seeds,scotch tape,white sugar,trash bag,spaghetti box,rice,,,,,,,,,,,
rice,rice,cooking oil,bread crumbs,spaghetti box,dishwashing liquid,detergent,sponge,steel wool,sesame seeds,plastic bag,,,,,,,
alcohol,cooking oil,cooking oil,,,,,,,,,,,,,,,
detergent,bleach,dishwashing liquid,,,,,,,,,,,,,,,
tupperware,sauce cup,bending straw,aluminum tray,flame gun,tupperware,cooking oil,face mask,sushi tray,,,,,,,,,
salad cup,wax paper,spaghetti box,ice bag,bread crumbs,rice,dustpan,magic mop,broom,pepper,styro food pack,,,,,,,
bento box,cooking oil,gun lighter,sesame seeds,,,,,,,,,,,,,,
rice,cooking oil,oyster sauce,chicken powder,soy sauce,,,,,,,,,,,,,
bending straw,flour,dishwashing liquid,soy sauce,vinegar,cling wrap,oyster sauce,cooking oil,chicken powder,flour,,,,,,,,
chopsticks,cling wrap,paper bag,plastic bag,sauce cup,towel,,,,,,,,,,,,
spoon,fork,plastic bag,,,,,,,,,,,,,,,
rice,cooking oil,margarine,oyster sauce,,,,,,,,,,,,,,
cooking oil,alcohol,rice wine,,,,,,,,,,,,,,,
white sugar,plastic straw,salad cup,bag closer,salt,dishwashing liquid,,,,,,,,,,,,
cling wrap,meal box,paper bag,bread crumbs,plastic bag,,,,,,,,,,,,,
bleach,detergent,sugar,dishwashing liquid,rice,,,,,,,,,,,,,
cooking oil,spaghetti box,lunch box,plastic bag,,,,,,,,,,,,,,
rice wrapper,ice candy bag,sauce cup,,,,,,,,,,,,,,,
cooking oil,msg,bleach,detergent,paper bag,good morning towel,sponge,pepper,tupperware,bread crumbs,,,,,,,,
broom,plastic bag,salt,,,,,,,,,,,,,,,
egg,cling wrap,trash bag,chopsticks,spoon,rice,,,,,,,,,,,,
rice,aluminum foil,paper bag,chopsticks,cling wrap,spaghetti box,styro food pack,plastic bowl,,,,,,,,,,
egg,fork,spoon,,,,,,,,,,,,,,,
towel,tupperware,cooking oil,sesame seeds,tissue,mophead,cling wrap,meal box,kitchen towel,,,,,,,,,
oyster sauce,cling wrap,,,,,,,,,,,,,,,,
egg,tupperware,,,,,,,,,,,,,,,,
egg,chopsticks,pepper,trash bag,rice,,,,,,,,,,,,,
egg,trash bag,,,,,,,,,,,,,,,,
alcohol,plastic cup,,,,,,,,,,,,,,,,
egg,chopsticks,fork,spoon,white sugar,plastic bag,ice bag,,,,,,,,,,,
egg,trash bag,rice,,,,,,,,,,,,,,,
rice,aluminum foil,chicken powder,,,,,,,,,,,,,,,
white sugar,salt,cooking oil,plastic bag,barbecue stick,paper bag,,,,,,,,,,,,
rice,egg,plastic bag,tupperware,cling wrap,spaghetti box,spoon,,,,,,,,,,,
cooking oil,bread crumbs,alcohol,,,,,,,,,,,,,,,
rice,cooking oil,detergent,scouring pad,sponge,bleach,plastic bag,,,,,,,,,,,
spoon,fork,cling wrap,rice,,,,,,,,,,,,,,
mophead,dishwashing liquid,sponge,steel wool,,,,,,,,,,,,,,
egg,plastic bag,trash bag,cling wrap,pepper,common towel,,,,,,,,,,,,
rice,aluminum foil,cling wrap,paper bag,spaghetti box,,,,,,,,,,,,,
bento box,sauce cup,fork,plastic bag,spaghetti box,styro food pack,spoon,fork,tupperware,,,,,,,,,
egg,pepper,chopsticks,spoon,fork,,,,,,,,,,,,,
bleach,detergent,dishwashing liquid,white sugar,rice,,,,,,,,,,,,,
rice,ice bag,,,,,,,,,,,,,,,,
rice,sauce cup,chicken powder,soy sauce,,,,,,,,,,,,,,
egg,rice,trash bag,cling wrap,spoon,,,,,,,,,,,,,
cooking oil,empty sack,,,,,,,,,,,,,,,,
rice wrapper,sauce cup,,,,,,,,,,,,,,,,
rice,cooking oil,ice bag,plastic bag,sesame seeds,tupperware,dishwashing liquid,meal box,salad cup,white sugar,rice,,,,,,,
cooking oil,alcohol,,,,,,,,,,,,,,,,
bleach,dishwashing liquid,detergent,white sugar,,,,,,,,,,,,,,
egg,trash bag,cling wrap,pepper,plastic bag,rice,,,,,,,,,,,,
bread crumbs,cooking oil,,,,,,,,,,,,,,,,
